pulocationid,trips,locationid,zone,borough,share
237,35442552,237,Upper East Side South,Manhattan,4.129885228301206
161,32970650,161,Midtown Center,Manhattan,3.841850902905896
236,31838033,236,Upper East Side North,Manhattan,3.7098745650388363
162,29347866,162,Midtown East,Manhattan,3.4197119404822542
186,29230080,186,Penn Station/Madison Sq West,Manhattan,3.405987120060162
230,28039520,230,Times Sq/Theatre District,Manhattan,3.2672590691735808
170,27227346,170,Murray Hill,Manhattan,3.17262182619485
234,26650513,234,Union Sq,Manhattan,3.10540730716426
48,26389416,48,Clinton East,Manhattan,3.074983407568831
142,25375979,142,Lincoln Square East,Manhattan,2.956894323687008
79,24783694,79,East Village,Manhattan,2.887879285705421
132,24463211,132,JFK Airport,Queens,2.850535529882712
163,23270092,163,Midtown North,Manhattan,2.71150929571917
138,22635764,138,LaGuardia Airport,Queens,2.6375952661341153
239,21937641,239,Upper West Side South,Manhattan,2.5562476288297438
68,21408314,68,East Chelsea,Manhattan,2.4945686685155715
107,20708195,107,Gramercy,Manhattan,2.412988450585638
164,20455450,164,Midtown South,Manhattan,2.3835377540887546
141,20354777,141,Lenox Hill West,Manhattan,2.371806997917789
249,18163993,249,West Village,Manhattan,2.1165294862984614
229,16530047,229,Sutton Place/Turtle Bay North,Manhattan,1.9261366091365169
238,16142037,238,Upper West Side North,Manhattan,1.8809243804168367
100,16105721,100,Garment District,Manhattan,1.876692718093227
90,15835863,90,Flatiron,Manhattan,1.8452479573452165
263,15693663,263,Yorkville West,Manhattan,1.8286783356242855
140,15381906,140,Lenox Hill East,Manhattan,1.7923513626365757
231,14937532,231,TriBeCa/Civic Center,Manhattan,1.7405714112820256
113,13840657,113,Greenwich Village North,Manhattan,1.6127598513302228
246,13035543,246,West Chelsea/Hudson Yards,Manhattan,1.5189452632695633
43,12373225,43,Central Park,Manhattan,1.4417697448520974
114,11929091,114,Greenwich Village South,Manhattan,1.390017759103827
148,11739008,148,Lower East Side,Manhattan,1.367868649359947
233,11351931,233,UN/Turtle Bay South,Manhattan,1.3227651369346807
264,10795460,264,,Unknown,1.2579232665502342
137,10615053,137,Kips Bay,Manhattan,1.2369016368328782
262,10437555,262,Yorkville East,Manhattan,1.2162189735683084
158,9765828,158,Meatpacking/West Village West,Manhattan,1.1379470868613046
144,9423438,144,Little Italy/NoLiTa,Manhattan,1.0980506538020247
143,9279510,143,Lincoln Square West,Manhattan,1.0812796797158772
50,7901598,50,Clinton West,Manhattan,0.9207207443802115
151,7293825,151,Manhattan Valley,Manhattan,0.8499009926066848
13,7201326,13,Battery Park City,Manhattan,0.8391226983762742
211,7191056,211,SoHo,Manhattan,0.8379260034742068
87,6188477,87,Financial District North,Manhattan,0.7211021302298368
75,5614507,75,East Harlem South,Manhattan,0.6542212175774961
125,4912901,125,Hudson Sq,Manhattan,0.5724677294119854
261,4569156,261,World Trade Center,Manhattan,0.5324134072005827
166,4242733,166,Morningside Heights,Manhattan,0.49437750262244273
88,3105343,88,Financial District South,Manhattan,0.3618449987604886
74,2846842,74,East Harlem North,Manhattan,0.3317235938063225
41,2802379,41,Central Harlem,Manhattan,0.32654261567286424
24,2499600,24,Bloomingdale,Manhattan,0.2912617894067474
224,2191572,224,Stuy Town/Peter Cooper Village,Manhattan,0.255369332026614
4,2037967,4,Alphabet City,Manhattan,0.23747076139058282
45,1773961,45,Chinatown,Manhattan,0.20670789534236803
209,1630699,209,Seaport,Manhattan,0.19001452581364764
232,1523607,232,Two Bridges/Seward Park,Manhattan,0.17753580619805018
7,1311464,7,Astoria,Queens,0.1528161911435952
226,1268120,226,Sunnyside,Queens,0.1477656026494177
42,1222957,42,Central Harlem North,Manhattan,0.14250305816430933
255,1188013,255,Williamsburg (North Side),Brooklyn,0.13843126588993368
65,1038639,65,Downtown Brooklyn/MetroTech,Brooklyn,0.12102570558794797
256,971169,256,Williamsburg (South Side),Brooklyn,0.1131638745224682
181,930780,181,Park Slope,Brooklyn,0.10845761255561384
116,892184,116,Hamilton Heights,Manhattan,0.1039602769723434
33,866094,33,Brooklyn Heights,Brooklyn,0.1009201825229827
146,836521,146,Long Island City/Queens Plaza,Queens,0.0974742372124827
145,815430,145,Long Island City/Hunters Point,Queens,0.09501664303726359
25,800452,25,Boerum Hill,Brooklyn,0.0932713561586693
244,795542,244,Washington Heights South,Manhattan,0.09269922646352323
70,781404,70,East Elmhurst,Queens,0.09105181920690913
152,771010,152,Manhattanville,Manhattan,0.08984067540826386
97,755906,97,Fort Greene,Brooklyn,0.08808070658637254
80,528968,80,East Williamsburg,Brooklyn,0.06163712842811185
223,485735,223,Steinway,Queens,0.05659947402683888
112,482132,112,Greenpoint,Brooklyn,0.05617964036255959
179,469592,179,Old Astoria,Queens,0.05471843743442684
52,452499,52,Cobble Hill,Brooklyn,0.0527267036504896
40,447517,40,Carroll Gardens,Brooklyn,0.05214618427345951
260,438372,260,Woodside,Queens,0.05108057815083
129,436938,129,Jackson Heights,Queens,0.050913483653306696
66,386540,66,DUMBO/Vinegar Hill,Brooklyn,0.04504093938121465
12,361066,12,Battery Park,Manhattan,0.042072623321306075
49,321136,49,Clinton Hill,Brooklyn,0.03741984557646233
37,290552,37,Bushwick South,Brooklyn,0.03385609514950763
193,262080,193,Queensbridge/Ravenswood,Queens,0.030538442057817396
17,252053,17,Bedford,Brooklyn,0.0293700623321087
61,249890,61,Crown Heights North,Brooklyn,0.02911802230550973
189,240083,189,Prospect Heights,Brooklyn,0.027975277718891082
82,235587,82,Elmhurst,Queens,0.027451388694578097
265,235070,265,Outside of NYC,,0.02739114611771648
10,197584,10,Baisley Park,Queens,0.023023151463491272
243,163534,243,Washington Heights North,Manhattan,0.019055531072508815
93,146816,93,Flushing Meadows-Corona Park,Queens,0.017107493548384152
36,145400,36,Bushwick North,Brooklyn,0.016942496471331843
168,140999,168,Mott Haven/Port Morris,Bronx,0.01642967716617138
106,137288,106,Gowanus,Brooklyn,0.015997258979066068
95,135420,95,Forest Hills,Queens,0.01577959334351966
188,128622,188,Prospect-Lefferts Gardens,Brooklyn,0.01498746754563717
225,124840,225,Stuyvesant Heights,Brooklyn,0.01454677620000734
247,120215,247,West Concourse,Bronx,0.014007855662318826
89,108392,89,Flatbush/Ditmas Park,Brooklyn,0.01263019998294774
83,102211,83,Elmhurst/Maspeth,Queens,0.011909969097876885
130,96950,130,Jamaica,Queens,0.011296939703546232
216,94748,216,South Ozone Park,Queens,0.011040355265926751
228,89834,228,Sunset Park West,Brooklyn,0.010467759477342674
215,79817,215,South Jamaica,Queens,0.009300544985228979
127,79730,127,Inwood,Manhattan,0.009290407452952463
76,77544,76,East New York,Brooklyn,0.009035687389084982
196,76736,196,Rego Park,Queens,0.008941536514608805
195,76032,195,Red Hook,Brooklyn,0.00885950406952065
217,75034,217,South Williamsburg,Brooklyn,0.008743213756739433
28,68496,28,Briarwood/Jamaica Hills,Queens,0.007981384032327002
219,61311,219,Springfield Gardens South,Queens,0.007144163694317928
62,57304,62,Crown Heights South,Brooklyn,0.00667725459280055
134,55844,134,Kew Gardens,Queens,0.006507130487930231
159,53643,159,Melrose South,Bronx,0.006250662573670248
197,52492,197,Richmond Hill,Queens,0.006116544186885496
14,52373,14,Bay Ridge,Brooklyn,0.00610267790710497
157,51377,157,Maspeth,Queens,0.005986620641042752
194,50482,194,Randalls Island,Manhattan,0.005882332234290056
69,50151,69,East Concourse/Concourse Village,Bronx,0.005843763002295483
39,49279,39,Canarsie,Brooklyn,0.005742154632811292
202,46507,202,Roosevelt Island,Manhattan,0.005419151880276685
35,44438,35,Brownsville,Brooklyn,0.005178065049470732
133,43623,133,Kensington,Brooklyn,0.005083098511478054
92,42972,92,Flushing,Queens,0.005007241804443411
54,42839,54,Columbia Street,Brooklyn,0.004991744197629881
190,42050,190,Prospect Park,Brooklyn,0.004899807266984209
56,40710,56,Corona,Queens,0.004743665965253916
177,39212,177,Ocean Hill,Brooklyn,0.004569113972722588
91,38474,91,Flatlands,Brooklyn,0.004483119733411426
72,36443,72,East Flatbush/Remsen Village,Brooklyn,0.004246460790266481
257,34361,257,Windsor Terrace,Brooklyn,0.004003859155787025
71,33081,71,East Flatbush/Farragut,Brooklyn,0.003854709255626745
119,32951,119,Highbridge,Bronx,0.003839561218891716
198,32840,198,Ridgewood,Queens,0.003826627125987192
235,30651,235,University Heights/Morris Heights,Bronx,0.0035715574920412124
85,30446,85,Erasmus,Brooklyn,0.0035476702033436676
173,28229,173,North Corona,Queens,0.0032893379153316822
213,28023,213,Soundview/Castle Hill,Bronx,0.0032653341032746375
165,27851,165,Midwood,Brooklyn,0.0032452920854405994
26,27211,26,Borough Park,Brooklyn,0.003170717135360459
51,27090,51,Co-Op City,Bronx,0.0031566178088609327
167,26311,167,Morrisania/Melrose,Bronx,0.003065846111810262
220,25783,220,Spuyten Duyvil/Kingsbridge,Bronx,0.003004321777994147
34,24974,34,Brooklyn Navy Yard,Brooklyn,0.0029100543801584694
55,24890,55,Coney Island,Brooklyn,0.0029002664179604513
135,24678,135,Kew Gardens Hills,Queens,0.0028755634657464044
205,24218,205,Saint Albans,Queens,0.002821962720376304
169,23571,169,Mount Hope,Bronx,0.0027465721067796624
218,22591,218,Springfield Gardens North,Queens,0.0026323792144694476
1,21723,1,Newark Airport,EWR,0.002531236938423257
254,21683,254,Williamsbridge/Olinville,Bronx,0.002526576004043249
242,21514,242,Van Nest/Morris Park,Bronx,0.0025068835562877118
182,20644,182,Parkchester,Bronx,0.0024055082335225214
210,20228,210,Sheepshead Bay,Brooklyn,0.00235703451597043
22,20068,22,Bensonhurst West,Brooklyn,0.002338390778450395
191,19648,191,Queens Village,Queens,0.002289450967460303
155,19476,155,Marine Park/Mill Basin,Brooklyn,0.0022694089496262653
222,19396,222,Starrett City,Brooklyn,0.0022600870808662478
136,19266,136,Kingsbridge Heights,Bronx,0.0022449390441312196
78,19044,78,East Tremont,Bronx,0.002219070858322171
123,18864,123,Homecrest,Brooklyn,0.0021980966536121315
47,18803,47,Claremont/Bathgate,Bronx,0.0021909887286826178
77,18778,77,East New York/Pennsylvania Avenue,Brooklyn,0.0021880756446951127
258,17631,258,Woodhaven,Queens,0.0020544233513483615
18,17339,18,Bedford Park,Bronx,0.0020203985303742975
160,17079,160,Middle Village,Queens,0.0019901024569042402
63,16767,63,Cypress Hills,Brooklyn,0.001953747168740172
241,16761,241,Van Cortlandt Village,Bronx,0.001953048028583171
174,16475,174,Norwood,Bronx,0.0019197223477661082
227,16361,227,Sunset Park East,Brooklyn,0.001906438684783083
121,15741,121,Hillcrest/Pomonok,Queens,0.0018341942018929476
250,15389,250,Westchester Village/Unionport,Bronx,0.0017931779793488704
86,14380,86,Far Rockaway,Queens,0.0016756059096131493
212,14323,212,Soundview/Bruckner,Bronx,0.001668964078121637
117,14057,117,Hammels/Arverne,Queens,0.0016379688644945786
29,14050,29,Brighton Beach,Brooklyn,0.001637153200978077
124,13834,124,Howard Beach,Queens,0.0016119841553260297
131,13823,131,Jamaica Estates,Queens,0.0016107023983715273
126,13610,126,Hunts Point,Bronx,0.0015858829227979807
207,13377,207,Saint Michaels Cemetery/Woodside,Queens,0.0015587329800344297
149,13288,149,Madison,Brooklyn,0.0015483624010389102
21,13165,21,Bensonhurst East,Brooklyn,0.0015340300278203832
248,13118,248,West Farms/Bronx River,Bronx,0.001528553429923873
203,12778,203,Rosedale,Queens,0.0014889354876937986
208,11933,208,Schuylerville/Edgewater Park,Bronx,0.0013904732489161133
185,11931,185,Pelham Parkway,Bronx,0.001390240202197113
259,11775,259,Woodlawn/Wakefield,Bronx,0.0013720625581150787
200,11659,200,Riverdale/North Riverdale/Fieldston,Bronx,0.0013585458484130534
81,11584,81,Eastchester,Bronx,0.001349806596450537
147,11537,147,Longwood,Bronx,0.0013443299985540268
32,11341,32,Bronxdale,Bronx,0.0013214914200919837
60,11182,60,Crotona Park East,Bronx,0.001302964205931449
180,10962,180,Ozone Park,Queens,0.001277329066841401
108,10937,108,Gravesend,Brooklyn,0.0012744159828538952
102,10780,102,Glendale,Queens,0.0012561218154123607
38,10715,38,Cambria Heights,Queens,0.0012485477970448466
139,10676,139,Laurelton,Queens,0.0012440033860243382
20,10421,20,Belmont,Bronx,0.0012142899293517823
192,10412,192,Queensboro Hill,Queens,0.0012132412191162801
67,10264,67,Dyker Heights,Brooklyn,0.001195995761910248
153,10091,153,Marble Hill,Manhattan,0.00117583722071671
8,9989,8,Astoria Park,Queens,0.0011639518380476875
178,9974,178,Ocean Parkway South,Brooklyn,0.0011622039876551843
94,9372,94,Fordham South,Bronx,0.0010920569252360526
171,9317,171,Murray Hill-Queens,Queens,0.0010856481404635404
19,9225,19,Bellerose,Queens,0.0010749279913895204
3,8386,3,Allerton/Pelham Gardens,Bronx,0.0009771648927688365
53,8369,53,College Point,Queens,0.0009751839956573329
16,8086,16,Bayside,Queens,0.0009422078849187708
11,8041,11,Bath Beach,Brooklyn,0.000936964333741261
122,7980,122,Hollis,Queens,0.0009298564088117478
150,7293,150,Manhattan Beach,Brooklyn,0.0008498048608350972
98,7104,98,Fresh Meadows,Queens,0.0008277819458895558
252,6973,252,Whitestone,Queens,0.0008125173857950271
101,6737,101,Glen Oaks,Queens,0.0007850178729529755
183,5491,183,Pelham Bay,Bronx,0.0006398297670157026
64,5416,64,Douglaston,Queens,0.0006310905150531861
128,5182,128,Inwood Hill Park,Manhattan,0.0006038240489301349
9,5028,9,Auburndale,Queens,0.0005858794515671011
120,4976,120,Highbridge Park,Manhattan,0.0005798202368730898
175,4925,175,Oakland Gardens,Queens,0.0005738775455385786
15,4364,15,Bay Terrace/Fort Totten,Queens,0.0005085079408589558
201,3972,201,Rockaway Park,Queens,0.00046283078393486994
31,3834,31,Bronx Park,Bronx,0.00044675056032383967
6,3653,6,Arrochar/Fort Wadsworth,Staten Island,0.00042565983225430003
154,3555,154,Marine Park/Floyd Bennett Field,Brooklyn,0.0004142405430232786
23,3399,23,Bloomfield/Emerson Hill,Staten Island,0.0003960628989412444
73,3353,73,East Flushing,Queens,0.0003907028244042344
240,3101,240,Van Cortlandt Park,Bronx,0.0003613389378101792
44,3056,44,Charleston/Tottenville,Staten Island,0.0003560953866326693
57,2829,57,Corona,Queens,0.00032964458402611954
96,2760,96,Forest Park/Highland Park,Queens,0.00032160447222060444
253,2612,253,Willets Point,Queens,0.0003043590150145721
221,2501,221,Stapleton,Staten Island,0.00029142492211004775
115,2243,115,Grymes Hill/Clifton,Staten Island,0.0002613618953589912
206,2200,206,Saint George/New Brighton,Staten Island,0.0002563513909004818
111,1851,111,Green-Wood Cemetery,Brooklyn,0.0002156847384349054
46,1521,46,City Island,Bronx,0.0001772320297998331
105,1445,105,Governor's Island/Ellis Island/Liberty Island,Manhattan,0.00016837625447781648
118,1387,118,Heartland Village/Todt Hill,Staten Island,0.00016161789962680376
2,1333,2,Jamaica Bay,Queens,0.00015532563821379195
5,1333,5,Arden Heights,Staten Island,0.00015532563821379195
184,1245,184,Pelham Bay Park,Bronx,0.00014507158257777268
156,1152,156,Mariners Harbor,Staten Island,0.0001342349101442523
58,928,58,Country Club,Bronx,0.00010813367761620325
245,903,245,West Brighton,Staten Island,0.00010522059362869778
214,843,214,South Beach/Dongan Hills,Staten Island,9.822919205868463e-05
251,736,251,Westerleigh,Staten Island,8.57611925921612e-05
59,575,59,Crotona Park,Bronx,6.700093171262593e-05
27,488,27,Breezy Point/Fort Tilden/Riis Beach,Queens,5.686339943610688e-05
172,424,172,New Dorp/Midland Beach,Staten Island,4.9405904428092855e-05
199,418,199,Rikers Island,Bronx,4.870676427109155e-05
187,361,187,Port Richmond,Staten Island,4.2064932779579064e-05
109,285,109,Great Kills,Staten Island,3.320915745756242e-05
30,279,30,Broad Channel,Queens,3.25100173005611e-05
99,231,99,Freshkills Park,Staten Island,2.6916896044550588e-05
84,199,84,Eltingville/Annadale/Prince's Bay,Staten Island,2.318814854054358e-05
176,189,176,Oakwood,Staten Island,2.2022914945541392e-05
204,171,204,Rossville/Woodrow,Staten Island,1.992549447453745e-05
110,18,110,Great Kills Park,Staten Island,2.0974204710039424e-06
104,11,104,Governor's Island/Ellis Island/Liberty Island,Manhattan,1.281756954502409e-06
103,4,103,Governor's Island/Ellis Island/Liberty Island,Manhattan,4.6609343800087603e-07
